case_id,title,symptom,topology_note,show_output,expected_fault,osi_layer,concept,severity,expected_next_command,expected_fix,verification
CASE-001,Wrong access VLAN,PC has an IP address but cannot reach another PC in the same intended VLAN,PC1 connected to SW1 Fa0/3,Fa0/3 assigned to VLAN 20; expected VLAN is 30,Incorrect access VLAN,Layer 2,VLAN,High,show interfaces fa0/3 switchport,Assign Fa0/3 to VLAN 30,PC can reach destination
CASE-002,Missing VLAN,PC cannot communicate with devices in VLAN 20,PC connected to SW1; VLAN 20 should exist,VLAN 20 not present in show vlan brief,Missing VLAN,Layer 2,VLAN,High,show vlan brief,Create VLAN 20 and assign required port,PC connectivity restored
CASE-003,Trunk VLAN missing,Devices across switches cannot communicate,SW1 connected to SW2 using trunk,Trunk is up but VLAN 30 is not allowed,Trunk does not carry required VLAN,Layer 2,Trunk,High,show interfaces trunk,Allow VLAN 30 on trunk,Devices communicate across switches
CASE-004,Access port shutdown,PC has no network connectivity,PC connected to Fa0/5,Fa0/5 is administratively down,Interface administratively down,Layer 1,Interface,High,show interfaces fa0/5 status,Enable the interface,PC link becomes operational
CASE-005,Native VLAN mismatch,Inter-switch connectivity is unstable,SW1 and SW2 connected by trunk,Native VLAN differs between switches,Native VLAN mismatch,Layer 2,Trunk,Medium,show interfaces trunk,Match native VLAN configuration,Trunk operates normally
CASE-006,Wrong subnet mask,PC cannot reach its gateway,PC connected to router R1,PC configured with incorrect subnet mask,Incorrect subnet mask,Layer 3,IP addressing,High,show ip interface brief,Correct the subnet mask,PC can reach gateway
CASE-007,Wrong default gateway,PC can reach local devices but not remote network,PC connected to SW1 and routed by R1,PC gateway points to wrong router,Default gateway misconfiguration,Layer 3,Gateway,High,show ip interface brief,Set correct default gateway,Remote network becomes reachable
CASE-008,Duplicate IP,Two PCs have intermittent connectivity,PC1 and PC2 connected to same switch,Two devices use the same IP address,Duplicate IP address,Layer 3,IP addressing,High,show arp,Assign unique IP addresses,Both PCs communicate normally
CASE-009,Missing route,PC can reach local gateway but not remote server,R1 connected to R2 and server network,Destination network missing from routing table,Missing route,Layer 3,Routing,High,show ip route,Add required route or routing advertisement,Remote server becomes reachable
CASE-010,Incorrect static route,Remote network unreachable,R1 routes traffic toward R2,Static route points to incorrect next hop,Incorrect static route,Layer 3,Routing,High,show ip route,Correct next-hop or exit interface,Remote network reachable
CASE-011,OSPF neighbor down,Routes are missing between routers,R1 and R2 connected directly,OSPF neighbor is not in FULL state,OSPF adjacency failure,Layer 3,OSPF,High,show ip ospf neighbor,Correct OSPF interface/network configuration,Neighbor reaches FULL
CASE-012,OSPF area mismatch,Two routers cannot form OSPF adjacency,R1 and R2 connected through Ethernet,OSPF interfaces use different areas,OSPF area mismatch,Layer 3,OSPF,High,show ip ospf interface,Use matching OSPF area,Adjacency forms
CASE-013,Interface IP mismatch,Two routers cannot communicate,R1 connected directly to R2,Interfaces are configured with incompatible IP networks,IP addressing mismatch,Layer 3,IP addressing,High,show ip interface brief,Configure compatible IP addresses,Router interfaces can ping each other
CASE-014,Interface protocol down,Router link is unavailable,R1 connected to R2,Interface status is up but line protocol is down,Layer 1 interface problem,Layer 1,Interface,High,show interfaces,Check cable/interface configuration,Link becomes up/up
CASE-015,Missing default route,Router cannot reach external network,R1 connects LAN to upstream router,Default route is absent,Missing default route,Layer 3,Routing,Medium,show ip route,Configure default route,External destination becomes reachable
CASE-016,DHCP pool exhausted,New PC does not receive an IP address,Multiple PCs connected to DHCP-enabled network,DHCP pool has no available addresses,DHCP pool exhaustion,Layer 7,DHCP,High,show running-config,Expand or correct DHCP pool,New PC receives IP
CASE-017,DHCP wrong network,PC receives incorrect IP range,PC connected to VLAN 20,DHCP pool network does not match VLAN subnet,Incorrect DHCP network,Layer 7,DHCP,High,show running-config,Correct DHCP pool network,PC receives correct subnet
CASE-018,DHCP gateway missing,PC gets IP but cannot reach remote networks,PC receives address from R1,DHCP pool has no default-router option,Missing DHCP default gateway,Layer 7,DHCP,High,show running-config,Configure correct default-router,PC reaches gateway and remote networks
CASE-019,DHCP excluded range issue,Some addresses are unexpectedly unavailable,Router provides DHCP service,Too many addresses are excluded from DHCP pool,Incorrect DHCP exclusions,Layer 7,DHCP,Medium,show running-config,Correct excluded-address configuration,Clients receive addresses
CASE-020,DHCP server unreachable,PC does not receive DHCP address,PC and DHCP server are in different VLANs,DHCP relay/helper configuration is missing,Missing DHCP relay,Layer 3,DHCP,High,show running-config,Configure ip helper-address,PC receives DHCP address
CASE-021,DNS server incorrect,PC can ping IP but cannot resolve hostname,PC uses internal DNS server,DNS server address is incorrect,Incorrect DNS server configuration,Layer 7,DNS,Medium,ipconfig /all,Configure correct DNS server,Hostname resolution works
CASE-022,DNS record missing,Server hostname cannot be resolved,PC and DNS server connected,Required DNS record is absent,DNS record missing,Layer 7,DNS,Medium,show running-config,Add correct DNS record,Hostname resolves
CASE-023,DNS connectivity failure,PC cannot resolve names and cannot reach DNS server,PC connected to DNS server through router,DNS server is unreachable,DNS server connectivity issue,Layer 3,DNS,High,ping DNS server,Restore network path to DNS server,DNS queries succeed
CASE-024,ACL denies traffic,PC can reach gateway but not server,Router ACL between PC and server,ACL contains deny rule for required traffic,ACL blocking traffic,Layer 3,ACL,High,show access-lists,Correct or remove incorrect ACL entry,Server becomes reachable
CASE-025,ACL applied wrong interface,Unexpected traffic is blocked,Router has ACL configured,ACL is applied inbound instead of intended interface,Incorrect ACL placement,Layer 3,ACL,High,show running-config,Apply ACL to correct interface/direction,Expected traffic passes
CASE-026,ACL blocks DNS,Web access fails by hostname but IP works,Router filters DNS traffic,ACL denies UDP/TCP DNS traffic,DNS traffic blocked by ACL,Layer 4,ACL,High,show access-lists,Permit required DNS traffic,DNS resolution works
CASE-027,ACL blocks SSH,Administrator cannot remotely access router,Management PC connects through router,ACL denies TCP port 22,SSH traffic blocked by ACL,Layer 4,ACL,Medium,show access-lists,Permit authorized SSH traffic,SSH connection works
CASE-028,NAT not translating,Inside PC cannot access external server,LAN connected to edge router,NAT translation is not occurring,NAT configuration issue,Layer 3,NAT,High,show ip nat translations,Correct NAT inside/outside or translation rule,External server reachable
CASE-029,NAT inside interface missing,Internal hosts cannot access outside network,R1 has LAN and WAN interfaces,LAN interface is not marked ip nat inside,NAT inside interface missing,Layer 3,NAT,High,show running-config,Mark LAN interface as ip nat inside,Translation works
CASE-030,NAT outside interface missing,Internal hosts cannot access external server,R1 connects LAN to ISP,External interface is not marked ip nat outside,NAT outside interface missing,Layer 3,NAT,High,show running-config,Mark WAN interface as ip nat outside,Translation works
CASE-031,NAT ACL incorrect,Some internal hosts cannot access internet,R1 uses ACL for NAT,ACL does not match internal subnet,Incorrect NAT ACL,Layer 3,NAT,High,show access-lists,Correct NAT ACL network,Internal hosts are translated
CASE-032,Wireless wrong SSID,Client cannot connect to expected wireless network,Wireless client connects to access point,Client attempts to use incorrect SSID,Incorrect SSID,Layer 2,Wireless,Medium,show running-config,Use configured SSID,Client connects
CASE-033,Wireless authentication failure,Client sees SSID but cannot authenticate,Wireless AP configured with security,Client uses incorrect security key,Wireless authentication failure,Layer 2,Wireless,Medium,show running-config,Use correct wireless security settings,Client authenticates
CASE-034,Wireless VLAN mismatch,Wireless client connects but cannot reach internal resources,AP connects wireless clients to VLAN 20,Wireless VLAN mapping does not match expected VLAN,Wireless VLAN mapping issue,Layer 2,Wireless,High,show vlan brief,Correct wireless VLAN mapping,Client reaches intended network
CASE-035,Wireless gateway issue,Wireless client receives IP but cannot reach remote network,Wireless clients use VLAN 30,Client receives incorrect default gateway,Wireless gateway misconfiguration,Layer 3,Wireless,High,ipconfig /all,Configure correct gateway,Distant network becomes reachable